"registry_id","year","state","prev_yr_se_viols","prev_yr_se_hpviols","region_code","pct_white","pct_black","pct_native","pct_asian","pct_hi_pi","pct_other","earnings_median","total_population"
110070089714,2021,"KY",0,0,"92065",90.0630828304992,1.54964344487109,1.32748217224355,3.81788261108064,0.501919912232584,11.4975315414152,50636,36460
110009954148,2021,"FL",5,2,"41183",95.1189749847468,4.39292251372788,0.48810250152532,0,0,0,36176,1639
110070089965,2021,"KY",0,0,"92536",88.2152330428192,2.99355816597196,2.08412277377795,1.51572565365669,5.00189465706707,8.45017051913604,38272,2639
110070097696,2021,"MO",0,0,"95602",96.4170432537121,0.710135571336346,1.42565095760706,3.29244673983215,0.462664084355498,1.77533892834087,50973,18588
110070094258,2021,"MO",0,0,"95330",52.0293824701195,7.39956839309429,5.39508632138114,29.8306772908367,1.24916998671979,15.4506972111554,44398,24096
110002139702,2021,"FL",0,0,"90066",68.6377461725374,6.76963857878371,1.88102156293011,18.4635775093032,0.548843689996771,11.9114373587535,57042,58851
110008262334,2021,"MO",0,0,"95620",77.9132305485837,2.89082108282539,1.20114736464683,5.77267837934744,0.770885622086769,18.8732520616709,42995,22312
110012266467,2021,"MO",0,0,"92807",79.4741659039854,2.05507945752558,0.85420306736556,19.3027706131958,0.274565271653216,4.93662811659317,NA,36057
110070089192,2021,"KY",0,0,"92201",55.6467129465729,6.26317976819,0.86505456616436,3.18931149660597,0.0892760940169625,42.4846460510721,31087,64967
110070095507,2021,"MO",0,0,"93010",83.0318301244778,5.78886161002714,2.29357798165138,9.74716802343111,1.04664685359866,9.02140672782875,50996,46434
110065255057,2021,"KY",0,0,"91761",61.0567675538823,6.30476597563582,2.15529287980666,7.94219672185049,1.16231278872869,34.5553783681589,40936,60827
110070133373,2021,"KY",0,0,"91311",63.5263447418144,8.64605008251417,1.84640405634881,19.5546626485853,1.15759010786635,14.4937934993184,52269,41811
110006657215,2021,"Mo",0,0,"96075",90.9348441926346,4.24929178470255,14.4475920679887,0,0,4.81586402266289,42049,353
110070219444,2021,"CA",0,0,"34109",91.7513741435133,2.36427979820797,0.165650176944507,5.33845342971162,0,2.15345230027859,45762,26562
110070155149,2021,"FL",0,0,"63401",93.3846367808632,6.44847248620834,0.973529275416068,0.834453664642344,0.213249269853043,0.477492930323119,33727,21571
110070237742,2021,"FL ",0,0,"63011",92.0317443294547,2.21191484798113,0.407528553809856,7.07544640463296,0.0857954850126012,3.30312617298515,57741,37298
110070094590,2021,"KY",0,0,"90731",66.3871211747488,7.89633795405588,3.46143094404157,7.376712216138,1.10502688569878,23.7005245588937,37250,60813
110070063825,2021,"CA",0,0,"34607",89.118393722594,6.72744057235172,1.70782367874452,0.819293791830141,0,5.41195476575121,31990,8666
110070087400,2021,"MO",0,0,"94804",43.6317567567568,23.902027027027,2.30936293436293,13.976833976834,0.936293436293436,26.0834942084942,40251,41440
110070089211,2021,"KY",0,0,"92004",89.6672504378284,2.14535901926445,0.306479859894921,0.0437828371278459,0,8.71278458844133,45487,2284
110002376919,2021,"California",1,1,"32234",91.0888030888031,6.13127413127413,1.11196911196911,1.26640926640927,0.200772200772201,3.56756756756757,40820,6475
110000910649,2021,"California",0,0,"33759",86.9311041905699,10.8124351199257,0.68841173578102,2.7154018466918,0.103808118887614,7.0316341583347,42828,18303
110054132327,2021,"FL",0,0,"64055",85.1780502043199,11.0011675423234,1.16754232340922,2.57151196730881,0.0262697022767075,4.95913601868068,37493,34260
110022532749,2021,"KY",0,0,"92504",61.227432196466,9.16649311952325,2.96365121830095,6.25570703106227,0.719286160549797,27.132627396953,36653,62423
110070087865,2021,"FL",0,0,"90064",71.5522548868709,4.18654763737109,1.33138371556103,23.4338925657996,0.465599507464984,6.01431429890719,74010,25988
110069425143,2021,"CA",0,0,"40023",91.8097493585948,6.82849812512335,0.177619893428064,1.04598381685415,0,0.315768699427669,62286,5067
110070229180,2021,"FL",0,0,"63366",92.8493698185631,5.07113036940306,0.316574662155478,2.940187174769,0,2.0023347381334,48834,50541
110000770522,2021,"KY",0,0,"92010",75.7115384615385,4.73076923076923,1.82692307692308,22.525641025641,0.115384615384615,2.53205128205128,72186,15600
110070099506,2021,"FL",0,0,"65017",99.7630331753555,0,0.4739336492891,0,0,0,19420,844
110002801077,2021,"MO",0,0,"95453",76.9381746810599,1.54340262289232,11.49076634847,4.02355250245339,0.231956463556071,10.3934338478009,36460,11209
110070201134,2021,"MO",0,0,"94587",25.2267973943277,5.78683043148121,0.964471738580202,59.0432546924747,2.35922575832257,13.8982508958664,57356,75067
110070089102,2021,"MO",0,0,"96161",93.9942498136514,0.899797678628474,0.569694388244063,2.42785645831115,0.654882334149718,5.15387072729209,55159,18782
110030914367,2021,"FL",0,0,"63670",96.0831889081456,3.11958405545927,0.415944540727903,0.667244367417678,0,0.329289428076256,NA,11540
110065683068,2021,"KY",0,0,"91803",28.3554314956967,2.10680224636959,0.804173728109527,51.0085401920713,0.169474628651181,22.5035722593294,40810,30093
110008333847,2021,"CA",0,0,"34232",93.3297638505326,3.63805444400609,0.535422420109339,2.085329425689,0.0253621146367582,3.57324015104548,38366,35486
110070264427,2021,"California",0,0,"33576",96.7641843971631,2.94769503546099,0.265957446808511,1.01950354609929,0,0.48758865248227,33611,4512
110070087974,2021,"KY",0,0,"90713",68.1884966851819,7.47177925103028,2.02831033864899,18.9535925461387,1.97814011825838,14.4884429313743,57693,27905
110070104799,2021,"FL",0,0,"63701",87.1678412947011,11.0362829548421,0.696945967110415,3.58653093187157,0.250587314017228,0.712607674236492,36241,38310
110070088718,2021,"MO",0,0,"93223",69.1108651540306,1.22671093894115,0.977679394945582,0.2029145914038,0.0368935620734182,43.027116768124,24663,10842
110070213009,2021,"CA",0,0,"34480",83.9607046710433,11.7366457280499,0.850139328389931,4.56241439569263,0,5.13389694422141,36643,21173
110070145076,2021,"CA",0,0,"32948",77.5705186533212,11.9502578101304,0,0,0,10.7825295723385,27657,6594
110070503865,2021,"FL",0,0,"90291",84.6603280592249,7.09827260850631,1.34272027870518,6.43779939033241,0.119756132965597,6.83335752649151,71125,27556
110070095876,2021,"MO",0,0,"95829",46.6429999310678,10.0193010270904,2.0162680085476,42.6966292134831,2.4470945061005,7.10346729165231,NA,29014
110063877639,2021,"FL",0,0,"64772",97.8811675803823,1.80026670617869,2.09660690472663,1.16313527930064,0.0740850496369833,0.214846643947251,33859,13498
110070228665,2021,"KY",0,0,"92040",88.7138702855129,2.33961931617906,3.54688050757843,4.56688403242862,0.975942897426859,7.22373986605569,44316,45392
110070095320,2021,"KY",0,0,"91103",41.9346424712151,17.9789097142005,1.38614599247308,11.9387412900101,0.294369713455304,32.8911577299996,NA,26837
110001200922,2021,"ky",0,0,"92368",80.3402646502836,9.73534971644612,1.22873345935728,10.586011342155,0.378071833648393,18.8090737240076,32396,1058
110000588677,2021,"CA",0,0,"32409",97.3166548976092,0.171491980227983,2.69343286593362,1.97720165439322,0.242106325027741,0.262281852113386,34473,9913
110000479768,2021,"MO",0,0,"92821",71.7680122636689,2.75677056719469,1.08073582013286,24.8773633111906,0.809913132345427,7.5447112927951,54150,39140
110070091322,2021,"KY",0,0,"90745",36.5648676372667,9.63881440423273,1.49729155793906,39.2499145176094,3.24113232674069,19.7527309374269,40196,55567
110070265863,2021,"CA",0,0,"34945",79.7340930674264,17.7777777777778,2.75403608736942,0.987654320987654,0,1.25356125356125,35572,5265
110070202689,2021,"FL",0,0,"64503",93.0499105836449,8.03121443667696,1.53633555519428,1.69891074622013,0,1.99967484961795,NA,12302
110000710375,2021,"MO",0,0,"95943",97.1272229822161,1.64158686730506,1.77838577291382,0,0,2.87277701778386,49191,731
110070501002,2021,"MO",0,0,"92802",68.9932519937291,3.17860632085975,0.863381273714584,15.1023561220548,0.565741939881399,20.78022402472,32428,44013
110045693692,2021,"CA",0,0,"32226",77.3572255744499,19.6013896507588,1.15804229901871,5.27823489973792,0,1.5907844212836,48849,16407
110070218787,2021,"MO",0,0,"94592",42.6782273603083,12.0423892100193,0,40.7514450867052,2.69749518304432,5.78034682080925,58625,1038
110070391227,2021,"California",0,0,"32539",83.8949830352143,12.9722963402181,2.90871957044504,3.40613367592318,0.606120499390585,2.1082452152716,35131,30357
110070159666,2021,"FL",0,0,"64057",84.3763676148797,8.00875273522976,2.15171407731583,2.15900802334063,2.4653537563822,3.91684901531729,45406,13710
110067630175,2021,"fl",0,0,"63126",95.7589136397083,1.91986086025821,0.274265837179744,1.73924677235936,0,1.21747274065155,51651,14949
110070064247,2021,"CA",0,0,"33629",94.0722125725267,3.28171772792786,0.358475922983111,4.17236409327765,0.110868842159725,3.84714882294246,74585,27059
110006484054,2021,"MO",0,0,"92870",73.1623867353461,3.23720720381998,1.25390081588149,20.513591758469,1.46821070045494,9.37323758318607,52473,53194
110070147626,2021,"KY",0,0,"91740",72.3782520403081,4.81244492126135,2.89283114295567,14.2534196712518,1.42151040269742,19.7708724472202,49205,26099
110046326944,2021,"FL",0,0,"65026",98.6639824304539,0.0183016105417277,0.860175695461201,1.22620790629575,0.128111273792094,0.375183016105417,NA,10928
110070089273,2021,"MO",0,0,"92804",60.8349494743289,4.34146507434249,1.22373062048473,27.2305581073571,1.62634820183049,11.9129438717068,36290,88173
110041093991,2021,"KY",0,0,"92277",79.3410725964683,15.2101046435579,3.39274035317201,9.19310006540222,3.78515369522564,6.79774362328319,36053,24464
110069413986,2021,"CA",0,0,"40219",69.5305557007685,26.9825918762089,0.575043128234618,2.97454127241361,0.303204558523707,5.57007684667259,34363,38258
110065570670,2021,"MO",0,0,"95823",33.9155389525247,25.2665693575122,2.33294574602311,25.1342124143391,5.46250711263947,19.9722916305881,31239,80842
110070094358,2021,"KY",0,0,"92656",74.4763188294186,3.84674624566808,1.32268001540239,19.8016942626107,0.539083557951483,7.95340777820562,69257,51940
110059786361,2021,"FL",0,0,"63125",91.8528213212767,4.92876052232369,0.883429013355543,3.23031619024956,0.0594901692495315,1.05595050417918,35607,33619
110070230994,2021,"FL",0,0,"42122",97.8172138420586,2.71517302573203,0,1.25998225377107,0,3.74445430346051,43800,5635
110065925994,2021,"MO",0,0,"96002",85.7849924874053,3.72683616651445,6.28406446100816,8.35223757475768,0.892673010635477,5.19400170874702,36248,33943
110070095559,2021,"KY",0,0,"91744",41.5451580411531,2.38380737685261,1.6847330807233,14.2872559835004,0.259005228068492,45.0884934529234,31794,83396
110070090142,2021,"KY",0,0,"92260",84.9911729806384,3.31664399617978,2.04902613376552,6.05157294590918,0.393598240384337,11.3738315052239,37913,34553
110002425750,2021,"Ky",0,0,"91770",14.44196463903,0.910141348908622,0.95129556642449,65.9876220776548,0.414707884198363,19.9867040220333,30490,63177
110070092250,2021,"MO",0,0,"93434",73.4387248497518,0.431147112620852,2.40397177946172,4.22001567807682,1.03214005748628,30.4415991638359,30158,7654
110070087635,2021,"Mo",0,0,"94591",40.3600021301901,19.2214155113344,2.4479434789555,38.2599897040811,1.37042231019118,11.2083503452683,49930,56333
110065451987,2021,"KY ",0,0,"92227",84.8702374378796,2.24921774341984,3.30940548499908,1.03441928952696,0.195103994110068,17.9385238358181,31094,27165
110000485190,2021,"MO ",0,0,"95341",49.6225805504156,4.75812846946868,1.2658971421858,12.1537874115194,0.11454753722795,36.9166152671307,30022,34047
110070393569,2021,"FL",0,0,"63389",96.9900142653352,0.599144079885877,1.19828815977175,1.85449358059914,0,4.00855920114123,40408,7010
110070104787,2021,"FL",0,0,"65785",98.7360057782593,0.216684723726977,0.776453593355002,0.938967136150235,0,0.469483568075117,24594,5538
110070383228,2021,"MO",0,0,"93664",96.2162162162162,0,0,0.540540540540541,0,11.3513513513514,61500,370
110070094139,2021,"Mo",0,0,"93292",70.1419252262152,2.12537118006032,2.29839369636887,4.90074586733382,0.4068367275363,28.1465547475976,41672,42769
110043266756,2021,"FL",0,0,"59043",5,0.382165605095541,94.7452229299363,0.0955414012738854,0,0,31980,3140
110055026396,2021,"FL",0,0,"65807",91.2072096768667,6.08059486687455,2.13651783572628,4.14796285508687,0.221019086454443,2.17249768700956,33019,58366
110065140136,2021,"FL",0,0,"90270",68.0576547351347,1.10959560585395,0.313340951819221,0.545581892579349,0.0184318206952483,40.9628783131198,26977,27127
110070251181,2021,"MO",0,0,"95677",85.8961000297708,3.70646025602858,2.26629949389699,8.99821375409348,1.0233700506103,6.16626972313188,NA,26872
110055897132,2021,"KY",0,0,"91767",187.395046673249,8.84479036698156,4.00055453231141,9.8607727803854,0.566415146653992,36.8645158734874,34852,50493
110012325536,2021,"CA",0,0,"34698",93.5981890785157,3.94740188722436,1.10639163720528,3.40056464124933,0.256886334155709,1.20812879924715,38775,39317
110070094398,2021,"MO",0,0,"95660",75.6002172732211,14.4296577946768,2.47691472026073,8.53883758826725,1.05920695274307,9.48126018468224,32403,36820
110000479330,2021,"KY",0,0,"92337",43.1565656565657,13.8484848484848,2.12878787878788,8.05050505050505,0.467171717171717,44.6868686868687,41092,39600
110070163100,2021,"California",0,0,"34285",96.8703427719821,1.04873875365679,0.43605453441519,2.97510625379478,0.171110007175581,1.68350168350168,32182,18117
110070092994,2021,"MO",0,0,"93454",85.7093596059113,1.99014778325123,1.56896551724138,5.96059113300493,0.694581280788177,17.5,32892,40600
110001736925,2021,"CA",2,0,"32601",73.7742994193385,19.0911386013633,0.772532188841202,8.85130017672305,0.100984599848523,3.00934107548599,30795,19805
110000525539,2021,"KY",0,0,"90815",75.710804224208,8.72318058011182,1.27347445883309,15.1048884216562,0.757394753189659,4.89320017202657,67237,41854
110000483682,2021,"MO",0,0,"94601",25.3954504368786,18.2472130159687,4.41209701717385,20.0041428141006,0.981093702922567,38.6279752937632,32556,53104
110070088739,2021,"MO",0,0,"95963",85.2301307847083,0.132042253521127,3.08098591549296,1.07520120724346,0.132042253521127,13.2545271629779,32687,15904
110055997060,2021,"MO",0,0,"94901",68.6940705711168,1.68061113132048,1.48175093973566,6.71274402813144,0.0970049715047896,25.5535346186492,NA,41235
110070217835,2021,"FL",0,0,"64116",81.4447934283643,13.1432713215753,3.06837400338246,4.68108238705001,1.05097849722155,3.61802367721672,35051,16556
110002675971,2021,"MO",0,0,"93722",55.9147428651338,12.6906806819639,3.1662607358031,20.2712938900607,0.106047010290056,19.8179720548648,37443,85811
110070087658,2021,"MO",0,0,"95476",85.2947510094213,2.21265141318977,1.25975773889637,2.83445491251682,0.471063257065949,16.2611036339166,45489,37150
110070668245,2021,"MO ",0,0,"95632",81.2946721183557,3.98888854208933,3.65492056556072,6.01454477355723,0.908268048316115,14.678984987047,43384,32039
110070065624,2021,"FL",0,0,"40513",78.5321100917431,3.5998252512014,0.340760157273919,20.262123197903,0,0.0698995194408038,67809,11445
110070097663,2021,"MO",0,0,"93013",81.1585688267434,1.03989189824335,2.79654544386346,3.07267493096763,0.922389988837319,20.9564655425651,44386,17021
110065829740,2021,"FL",0,0,"90242",53.3390883149893,5.45044721003285,2.14612857588183,7.75004196340791,0.558712802436276,36.8798407788409,38921,41703
110002835068,2021,"MO",0,0,"96097",90.8850866075201,2.30249260667512,11.7342627798902,2.09125475285171,1.22517955217575,4.36206168145332,34026,9468
110064648421,2021,"CA",6,3,"40322",99.7367651360047,0.90669786487277,0.467973091547236,0,0,0,29871,3419
110070103097,2021,"California",0,0,"32819",70.5447233293835,18.0868253797264,1.45068045531258,8.86207763294912,0.147222521454989,7.7022514273403,40481,27849
110070090401,2021,"KY",0,0,"92203",80.0247218788628,1.83559950556242,1.77379480840544,4.56736711990111,0.358467243510507,25.7849196538937,NA,32360
110070090455,2021,"FL",0,0,"90021",46.6666666666667,18.3866057838661,3.19634703196347,6.17960426179604,0.273972602739726,32.7245053272451,26799,3285
110002464887,2021,"MO",0,0,"92879",54.6047978011762,8.02934459691599,1.964390372062,12.5623976880015,0.319314484347527,29.4678765586791,42073,49481
110070266668,2021,"CA",0,0,"33870",75.1323685139428,16.1842569714084,1.02364984115778,1.15160607130251,0,11.0571831980233,21725,22664
110002542847,2021,"ca",0,0,"33405",87.494001343699,4.75573471542374,0.916594682791055,0.686246280833093,0,12.7603416834629,37418,20838
110064946135,2021,"FL",0,0,"90301",34.5116988809766,32.4720244150559,4.09460834181078,4.09460834181078,0.948626653102747,33.9165818921668,31365,39320
110070554626,2021,"CA",0,0,"33477",98.0271844660194,0.240776699029126,0.233009708737864,0.978640776699029,0,1.83300970873786,52597,12875
110070549149,2021,"MO",0,0,"93031",77.8911853329372,4.27789330730382,3.21690786402411,8.07409922335865,0.672664771039341,17.1667444722658,37328,47126
110038334317,2021,"FL",0,0,"63942",100,0,0,0,0,0,25625,647
110069589047,2021,"CA",0,0,"40245",84.2020573530257,10.8815585311189,0.275846215734728,6.89040859720706,0.106315728981093,0.919487385782426,62195,34802
110065369942,2021,"KY",0,0,"91733",38.4051839315935,1.13788189186782,1.2893025741516,22.4147145274784,1.3026632225884,42.3376681214928,28081,44908
110070096315,2021,"MO",0,0,"95650",95.4126021618771,1.38412865805431,4.35011863959926,3.13076720274189,0.105457421566043,5.23991563406275,65828,15172
110070213271,2021,"California",0,0,"33434",90.5245346869712,3.18588349045202,1.2037708484409,3.40343243896543,0.0773507372492144,6.3379260333575,41576,20685
110021172899,2021,"MO",0,0,"95354",76.8065030023283,9.09276581838977,2.73681630652343,6.05367427801152,1.48278256607165,14.0803071769944,36195,24481
110070520086,2021,"FL",0,0,"64093",92.0834380497612,6.943596740028,1.86694431479553,3.72670807453416,0.0359027752845295,0.646249955121531,38153,27853
110070087319,2021,"MO",0,0,"94606",32.1174282678002,18.740701381509,2.00053134962806,38.7247608926674,0.94845908607864,14.5775770456961,41948,37640
110027970319,2021,"CA",0,0,"33330",77.6554868121133,10.0488440247476,0.879192445457506,9.27385216541843,0.657766199934875,6.81862585477043,NA,15355
110070096551,2021,"KY",0,0,"91750",77.4196356040385,5.55587791574794,1.90901705930138,12.2229314146455,1.03864453986306,13.1484275269815,54044,34468
110065246166,2021,"MO",0,0,"95119",63.3875598086124,5.90430622009569,1.36842105263158,32.4688995215311,2.39234449760766,9.311004784689,66415,10450
110070073713,2021,"CA",0,0,"33418",88.7581761985768,5.81258835086374,0.438459879723028,4.83983036634161,0.0622948462994465,2.44866665069363,51559,41737
110070393482,2021,"FL",0,0,"65560",97.4066959385291,1.31037321624588,2.79912184412733,0.987925356750823,0,1.68084522502744,31720,14576
110070504653,2021,"CA",0,0,"34610",93.9281841954206,8.24669940684993,0.567638242234836,1.93252120670961,0.0382677466675171,6.40984756680911,38345,15679
110070094926,2021,"MO",0,0,"95949",96.7731060058758,1.14145354717526,3.90117035110533,2.80787940085729,0.240812984636132,1.2763088185715,37175,20763
110067031535,2021,"CA",0,0,"32899",83.8141918235491,12.699119973265,0.481786788459396,4.33051130667261,0.43722847276373,2.88515094129442,36678,35908
110070094184,2021,"Ky",0,0,"92408",59.4675796534377,7.91643376187814,3.7520961430967,15.839854667412,0.803521520402459,19.9413079932923,30859,14312
110014377110,2021,"MO",0,0,"92841",36.9844071785819,1.03559870550162,0.976757869961754,51.5651662253604,1.25330979699912,11.9446896145925,35450,33990
110022573204,2021,"KY",0,0,"92618",45.818121778055,1.80887559852501,0.851235575776477,52.2831092113229,0.596231814929645,3.56638353299455,76471,54509
110070266856,2021,"CA",0,0,"34224",97.7396297880139,0.696438389638952,1.73498686541634,2.52917099395198,0.476510477121388,0.580365324699126,25971,16369
110065198315,2021,"KY",0,0,"91763",56.2959779558612,5.07874712440276,1.88335819197614,13.3149632176353,1.59516646864019,32.1409611446773,33332,39557
110070218187,2021,"CA",0,0,"32926",83.7022132796781,12.5010935176275,0.905432595573441,3.68734143994401,0.0393666345901496,2.8431458315108,35897,22862
110065848024,2021,"KY",0,0,"92595",70.9349474055356,5.81183522359993,1.82170770406065,8.12422871246401,1.18117176940706,21.2405241817006,40841,34034
110059802593,2021,"fl",0,0,"64854",79.6151972722845,8.54846566000974,2.67900633219678,1.04724792985874,3.99415489527521,15.806137359961,29304,4106
110070391981,2021,"Ca",0,0,"32771",60.017534630896,28.7953708574435,0.587410135016658,4.93073820796072,0.0455900403296511,9.06891109942136,42393,57030
110070452004,2021,"Ky",0,0,"90807",56.365638092908,15.7069023517539,0.324168934829811,18.51432765528,0.253830392366739,15.6732621792715,50736,32699
110070249192,2021,"FL",0,0,"68516",92.1352893235534,4.49534594432291,1.02732381074937,3.94629605799339,0.409642688628662,1.95813494616737,50790,46626
110002632553,2021,"FL",0,0,"90044",32.1554310862172,32.8905781156231,1.34726945389078,0.842168433686737,0.0960192038407682,40.129025805161,28317,99980
110038053922,2021,"KY",0,0,"92555",44.7150281321136,20.5901301378688,0.68934415668084,9.01945625563716,0.24910879182236,31.3125456341537,47237,46566
110070622201,2021,"CA",0,0,"34747",84.6798936387809,10.3088566168951,0.617713233790141,2.67539374105134,0.171814276948251,13.1806095316016,40027,24445
110067377626,2021,"CA",0,0,"33315",90.2668643439585,6.50111193476649,1.10452186805041,0.956263899184581,0,6.21942179392142,45437,13490
110010112939,2021,"MT",0,0,"99689",54.9413735343384,5.86264656616415,37.6884422110553,10.0502512562814,7.70519262981574,2.68006700167504,31570,597
110070792829,2021,"KY",0,0,"91745",39.1071235151822,1.66082969274651,1.77094992237426,41.5622630609813,0.900819583348377,20.8181391486443,42228,55394
110070505575,2021,"FL",0,0,"63304",93.5236932325177,5.18245432771333,0.781947118771427,2.94462969050862,0,0.626966608744658,55371,42586
110070094397,2021,"KY",0,0,"92259",100,0,0,0,0,0,38383,89
110070094080,2021,"FL",0,0,"90023",51.7939677967195,1.45968140679752,2.17554872412236,0.767461358213126,0,49.3217533374895,27342,46517
110055735557,2021,"Ky",0,0,"92069",72.9166666666667,3.11563436563437,2.27272727272727,13.8798701298701,0.618131868131868,14.9475524475524,40556,48048
110070596895,2021,"CA",0,0,"33534",66.8292389210019,23.747591522158,1.19219653179191,3.38993256262042,0,13.6259633911368,36475,16608
110032729377,2021,"KY",0,0,"92660",88.5311643932334,1.96842610635714,1.13248044282527,10.0595893699342,0.115789770962185,4.31246293315259,85856,35409
110070552483,2021,"California",0,0,"33435",55.9275943525792,40.9383068724935,0.302147997582816,1.58215678734275,0.0247211998022304,5.07333955941328,NA,36406
110070093565,2021,"ky",0,0,"91384",72.8782991710887,7.92494710921514,4.59889709707627,9.30877813616342,0.631221170186939,15.2498872819339,51558,28833
110046337442,2021,"FL",0,0,"64061",94.6969696969697,2.37603305785124,2.06611570247934,0.378787878787879,3.37465564738292,0.413223140495868,44577,2904
110070085877,2021,"MO",0,0,"96201",83.9812959251837,1.67668670674683,3.72745490981964,1.43620574482298,0.0334001336005344,18.0160320641283,30970,14970
110066142301,2021,"KY",0,0,"91773",73.8509924932499,3.25787021926831,2.12443996083435,18.001364863662,1.43310684508797,11.0494614722725,NA,33703
110055863631,2021,"FL",0,0,"90001",42.9613049818564,9.89249499779564,1.91609861973073,0.725743548004205,0.103435412215553,50.6409604232374,25915,58974
110070094395,2021,"KY",0,0,"92250",70.7692307692308,0.920654149000606,2.73773470623864,1.21138703815869,0,36.4142943670503,29375,8255
110002408706,2021,"MO",0,0,"94931",89.5899747169397,2.1325711773112,2.80312190832142,3.81444432230406,0.505661206991316,7.38705067604705,47794,9097
110002815204,2021,"MO",0,0,"92805",72.1273656397119,1.53707901337232,1.05690947865392,13.4755958528374,0.354091500462733,19.7070697587081,34889,74557
110001190997,2021,"MO",7,0,"96013",92.6684415318452,1.22875281589187,5.05836575875486,2.58038091337293,0,1.67929551505222,36908,4883
110070097482,2021,"MO ",0,0,"95337",69.3336940748211,6.69011486336916,3.94028088644022,19.10126177534,2.90724844430233,14.7305507046757,50282,40657
110070087251,2021,"MO",0,0,"95448",86.8149599492883,0.305422693482395,1.93626462283179,2.66236385639371,1.22745346625944,11.2603008125396,44783,17353
110000486304,2021,"MO",9,2,"96707",46.5451653807303,6.44544262717875,2.27170151948247,56.3132669947775,35.0405123686303,1.56246641879258,52441,46529
110000481817,2021,"MO",0,0,"93458",81.9946263169059,1.91260694336421,2.24315916000848,5.02898960616559,0.420702821183624,21.439934950152,27891,56572
110035448272,2021,"AK",0,0,"32025",72.0319118312292,25.8913517292429,1.4228728872805,1.39819879096928,0.111033433400502,3.74635028992063,33953,24317
110070617232,2021,"MO",0,0,"94545",30.1640452199558,10.4386827230278,1.90464487589088,42.6732612435488,5.30535758171541,19.5779061194397,47932,32552
110070235462,2021,"FL",0,0,"64152",92.4830699774266,3.82779748468236,1.15769106739761,4.01483392454047,0.0257981296356014,2.29603353756853,53330,31010
110070087775,2021,"MO",0,0,"93110",79.7997084363314,2.02826899917602,3.5177790454459,6.13551372250745,0.0570450656018254,13.8302592381315,50799,15777
110070504220,2021,"WY",0,0,"99737",90.8798283261803,2.72532188841202,4.37768240343348,2.14592274678112,0.300429184549356,4.24892703862661,54794,4660
110009074385,2021,"CA",0,0,"32448",55.1161504424779,45.2157079646018,0.580752212389381,3.08351769911504,1.61780973451327,0.304203539823009,32800,7232
110070090843,2021,"MO",0,0,"93546",89.3435897435897,0.502564102564103,4.11282051282051,6.08205128205128,0,4.41025641025641,43207,9750
110070544814,2021,"CA",0,0,"33401",59.7295068447963,37.5655616031667,0.356259277585354,1.6328550222662,0.0428830611908296,5.31090219363352,38381,30315
110010060842,2021,"MO",0,0,"94945",80.8947135589471,3.42291528422915,0.514266755142668,8.52687458526874,0.055297500552975,11.5074098650741,60458,18084
110070089148,2021,"KY",0,0,"92371",87.4910205449931,4.36281787270725,3.42895455198506,2.18859250035918,0.790192040611082,12.1450122120588,35096,20881
110070389037,2021,"AK",0,0,"32064",54.4667340164526,50.5556357338721,0.0865925819021504,0,0,0.33193823062491,26793,6929
110070087114,2021,"MO",0,0,"92703",27.372493526826,0.981513819473716,1.26302161739026,17.9502619377371,0.374841934124164,57.1129644125971,28796,66428
110070094811,2021,"KY",0,0,"91711",70.0361708589889,7.04089239859734,2.44912610100229,18.6928790347075,0.549465720517989,11.0831929756744,60579,36217
110070546981,2021,"ca",0,0,"34787",77.257422302985,13.2706234467278,1.28804681863125,7.58932150396836,0.772293631917907,8.08904091285642,NA,74842
110070090469,2021,"MO",0,0,"95713",95.2678994784258,1.5742057847321,4.85538169748696,1.09056424845899,0.151730678046468,3.62256993835941,44364,10545
110065764177,2021,"MO",0,0,"95076",61.04104127858,1.29329267569203,2.02418101351432,3.4313783652306,0.346460056240434,39.738493847961,32780,84281
110070386608,2021,"FL",0,0,"63131",90.3710397018128,2.32676342689332,0.367086462980742,8.57288078161179,0,0.592985824815045,95653,17707
110069479255,2021,"CA",0,0,"33545",75.3009105041084,18.7208527648235,0.928270042194093,6.17810348656451,0.479680213191206,9.94448145680657,43419,22515
110070087692,2021,"MO",0,0,"93901",57.3249314678344,2.88725123713909,2.0328242372459,9.12812844885898,0.341770799957279,38.5595784826801,38621,28089
110069321077,2021,"MO",0,0,"92882",64.455058735383,6.99071472532177,1.32589441010409,10.4559685317492,1.39948088089695,24.7370956088946,45295,74742
110011105589,2021,"FL ",0,0,"63069",93.147472642001,6.52683689421574,1.41349661281918,1.02918186555498,0,3.15919749869724,42437,15352
110070617344,2021,"FL",0,0,"64504",90.9977112825295,5.11146901754683,0.949393913706875,1.05111469017547,0.27125540391625,4.78935322539629,36018,11797
110070232409,2021,"FL",0,0,"59722",90.8753315649867,1.78603006189213,8.87709991158267,1.37931034482759,0.0707338638373121,0.512820512820513,NA,5655
110037091394,2021,"MO",0,0,"95843",74.6619929894842,10.6493072942747,2.42864296444667,14.121181772659,1.38749791353697,4.97204139542647,45999,47928
110070545283,2021,"CA",0,0,"33312",62.3728444758744,31.70683058623,1.242089611779,2.98645487678834,0,6.19050209432628,33796,55149
110057122402,2021,"MO",0,0,"94520",52.1739130434783,6.12002376708259,2.73579787646284,16.6653749773954,4.64233124079671,30.4399493657806,39087,38709
110070088120,2021,"KY",0,0,"91350",75.5458289088602,5.66418896169485,1.10849239853928,14.3586024707985,1.26129859366502,12.8383103260729,56281,38611
110070088889,2021,"MO",0,0,"95670",67.9511376743211,10.7511097130474,2.12330921673482,16.6963755199049,1.1953444479396,9.84586347908147,41636,57222
110070094163,2021,"ky",0,0,"90803",83.3907136875407,4.22443472597004,1.85167953847585,10.3501752427034,1.47638100555194,5.09599578176856,67562,32241
110070548701,2021,"CA",0,0,"32757",79.7678784775559,19.3138760880696,1.36542072025943,0.744154292541389,1.11281788701144,0.904591227171872,38696,29295
110067017445,2021,"CA",0,0,"34470",81.345,17.92,0.52,2.025,1.32,0.715,30906,20000
110070554979,2021,"Ca",0,0,"33809",82.3239574495856,14.87959276904,2.20909743522809,4.20609541212556,0.140311949357175,5.24048815506102,36732,30646
110070621684,2021,"MT",0,0,"96791",59.7288785430645,2.61536354922635,3.58756675338902,46.8300698343147,21.2241544570724,2.76598658085718,37872,7303
110070546644,2021,"California",0,0,"32827",80.849104859335,6.44501278772379,0.634271099744246,12.1636828644501,0.480818414322251,12.7774936061381,49725,9775
110070602318,2021,"CA",0,0,"33917",95.9233564585398,2.54377271225636,1.24215394780311,1.72447968285431,0.0231252064750578,2.6395771390816,30504,30270
110070825261,2021,"FL",0,0,"42141",95.6445716102369,5.20426005404546,0.397393101255762,1.03322206326498,0.0445080273406454,1.03004291845494,31179,31455
110070816397,2021,"Fl",0,0,"59701",96.0724358022859,0.884666765622681,3.74350601157785,1.35074959180644,0.139527979812973,0.840136559299391,33948,33685
110070621411,2021,"CA",0,0,"34992",90.5601339738222,5.8260984531312,0.579524921775153,1.61738134061963,0,4.50178484861839,36094,45382
110006667767,2021,"FL",0,0,"63336",94.2173479561316,6.08175473579262,0,0,0,0,33047,1003
110070603368,2021,"ca",0,0,"34112",89.6766775834437,8.82168490000697,0.414605253989269,0.358860009755418,0.125426799526165,3.7941606856665,31366,28702
110000509487,2021,"CA",0,0,"33626",80.7376350683437,4.973241981116,0.630602992807717,15.2230971128609,0,5.54589767188192,66482,29337
110070160157,2021,"CA",0,0,"32836",74.3839103869654,3.15682281059063,0.427698574338086,21.9348268839104,0.117107942973523,10.6975560081466,57659,19640
110070694166,2021,"CA",0,0,"33541",88.0750713266762,6.77157631954351,0.628566333808845,5.19347360912981,0.0133737517831669,3.0046362339515,31835,22432
110070670282,2021,"CA",0,0,"32305",39.246737565597,60.9204476849487,0.938095016950727,0.181117354757814,0.125388937909256,2.01551107602285,30203,21533
110070824433,2021,"FL",0,0,"59808",93.2110091743119,0.490949665261592,5.30622365484751,2.3208529630548,0.461195140094223,2.83163897842797,41338,20165
110070867019,2021,"CA",0,0,"32808",19.5798180314309,73.5268817204301,0.540942928039702,2.2531017369727,0.203473945409429,8.4929693961952,25237,60450
110070097958,2021,"CA ",0,0,"32907",76.6280829656157,21.6708234742384,0.842019995310268,1.86523416682654,0.193984353349961,6.84487646820575,32338,46911
110062638329,2021,"FL",0,0,"65571",99.2489270386266,0.160944206008584,0,0.590128755364807,0,0,31563,1864
110070519104,2021,"FL",0,0,"59085",84.4221105527638,0,7.03517587939699,29.1457286432161,0,0,21369,199
110070391537,2021,"fl",0,0,"65706",97.9435787522447,2.23020332503041,2.74575682094653,1.0774488791056,0.324393210913514,0.839946706829636,37594,17263
110070893101,2021,"FL",0,0,"64089",98.5534636912117,1.19212037508178,1.09035400159919,4.36141600639674,0.123573453514574,0.348913280511739,50139,13757
110070670468,2021,"CA",0,0,"34142",75.1460837445881,20.6031063610766,1.80750249780496,0.478367495231463,0,14.2511126585728,23931,33029
110070686019,2021,"CA",0,0,"32821",80.5515088449532,10.6399583766909,0.437044745057232,5.19771071800208,0.145681581685744,11.5036420395421,32091,19220
110070252312,2021,"MT",0,0,"99645",89.8143584688681,2.18498439296862,11.5393461475275,2.84540824708395,1.0678495153606,2.33612617052735,47078,30435
110042788187,2021,"FL ",2,0,"65355",97.3288502848604,0.821892220042963,3.72653404314934,0,0.364247688428131,0.588400112076212,27392,10707
110071236986,2021,"KY",0,0,"92251",72.8629579375848,5.52608856543728,1.25817195016652,3.29756177788742,0.242588709345833,28.1567369762756,44698,24321
110070393245,2021,"FL",0,0,"64866",91.8629550321199,0.107066381156317,8.56531049250535,4.28265524625268,0,0.963597430406852,NA,934
110071222858,2021,"FL",0,0,"42134",88.461756534558,11.198049554913,0.827805182287237,1.53654249588932,0,1.07161081816635,34334,17637
110070554257,2021,"CA",0,0,"33635",84.9157733537519,6.10515569167943,0.765696784073507,8.11638591117917,0,5.48749361919347,39310,19590
110070693546,2021,"CA",0,0,"34695",89.6703177529552,7.21179915410476,0.677800672378267,2.74915952716625,0.178939377507862,2.4075479882876,48411,18442
110070817526,2021,"FL",0,0,"40803",100,0,0,0,0,0,38383,330
110070372784,2021,"California",0,0,"40059",89.7838899803536,3.4740524222531,0.349801140447554,6.79476735828262,0,1.24586707556663,76612,20869
110070145641,2021,"CA",0,0,"34736",79.5516436490955,13.5528107372107,0.471698113207547,4.67807819490372,0.583544057576347,8.09667379887181,32314,20564
110027990912,2021,"FL",0,0,"41659",100,0,0,0,0,0,NA,452
110011106739,2021,"FL",1,1,"63124",88.0255694607005,3.00711263167372,1.0443864229765,7.09462501125416,0,3.08814261276672,100957,11107
110070791891,2021,"FL",0,0,"41001",98.7052295274929,0.425985090521832,0.0784709377277058,0.902415783868617,0.117706406591559,0.633372568802197,50140,17841
110035440234,2021,"CA",0,0,"33881",66.7391369091938,28.8113887482503,0.613515203859785,1.58441790511362,0.0714774994788099,9.34568305685439,27538,33577
110070817826,2021,"fl",0,0,"63020",98.7098298676749,0.723062381852552,0.363894139886578,0.628544423440454,0,2.64177693761815,33408,21160
110070741392,2021,"FL",0,0,"65674",97.2615979381443,0.289948453608247,1.73969072164948,1.41752577319588,0,10.4703608247423,24153,3104
110070388991,2021,"California",0,0,"34949",97.5452196382429,0.310077519379845,1.83462532299742,1.02067183462532,0.671834625322997,1.09819121447028,37683,7740
110070600686,2021,"FL",0,0,"41041",95.8575684494254,3.66009363030217,0.340473826074621,0.297914597815293,0,0.326287416654845,36289,7049
110070546325,2021,"CA",0,0,"32703",64.5214431832582,28.469016455765,0.363873350350296,3.36537591194627,0.157497420300874,8.76011513604518,36436,55239
110070103096,2021,"CA",0,0,"33991",93.5478408128704,3.60287891617274,0,1.22777307366638,0.0254022015241321,2.4428450465707,37571,23620
110070620765,2021,"FL",0,0,"63055",100,0,0.650976464697046,0,0,1.60240360540811,36693,1997
110070742592,2021,"FL",0,0,"65656",99.8627450980392,1.03921568627451,2.41176470588235,0,0,0.313725490196078,25000,5100
110070526807,2021,"CA",0,0,"40351",96.7280626329366,2.90989727112278,0.257953568357696,1.10422229261891,0,0.0905100239851564,32935,22097
110070826353,2021,"FL",0,0,"40744",99.4146341463415,1.06169296987088,0.430416068866571,1.49784791965567,0,0.30416068866571,35394,17425
110070547030,2021,"AK",0,0,"32084",82.0678291912673,15.8725799807772,0.365234106824111,1.620211451325,0.952904023067417,4.31415625429081,31442,36415
110070674196,2021,"CA",0,0,"34475",49.0181325709126,50.8840568805959,0.632006621021744,0.504100519148296,0,3.86727860958543,22362,13291
110000516727,2021,"CA",0,0,"33605",42.2067428252995,55.7759821677348,1.29283923098356,1.79437169127891,0.172750069657286,8.24742268041237,26326,17945
110070711582,2021,"CA",0,0,"32934",91.9936605093453,2.50300579298284,2.12045032243961,4.62892119357307,0.830691878893868,2.50847087113346,50010,18298
110070818509,2021,"FL",0,0,"40840",100,0,0,0,0,0,38383,299
110046320352,2021,"California",5,2,"32514",72.3080119105325,25.0282759735014,2.49521039632528,4.87962514137987,0.574752440966692,2.35902407497172,33298,43323
110070204424,2021,"FL",0,0,"65647",92.2884684041414,0.142806140664049,2.46340592645484,6.92609782220635,0.357015351660121,4.67690110674759,36563,2801
110070674780,2021,"AK",0,0,"32087",71.4263874025378,28.3901544106406,2.21678642409418,0.4739336492891,0.27518728023238,3.10350099373185,36974,6541
110070619224,2021,"ca",0,0,"33413",64.2333175579744,31.2411263606247,0,5.42475153809749,0.656649313771888,6.98651206814955,36706,16904
110031109164,2021,"FL",0,0,"63138",19.3679136769458,82.0178561647587,0.903762940242099,0.0328641069178945,0,0.766829161417538,29242,18257
110070391335,2021,"CA",0,0,"40069",88.5448195576251,11.8393480791618,0.558789289871944,1.05937136204889,0,0.244470314318976,39324,8590
110070390063,2021,"California",0,0,"40067",92.5549167035235,7.93159369010762,0.574966828836798,1.81335692171605,1.62170131210379,2.32935279374908,50000,6783
110070710414,2021,"Ca",0,0,"33914",92.2096877937757,4.89832269556182,0.524466874474296,2.30567512740587,0.0964821137004601,6.39998020879719,37173,40422
110063016490,2021,"FL ",0,0,"41091",97.2275024340489,1.08952663544902,0.287449580416338,2.77713384950624,0.176178775093885,0.129815939542862,NA,21569
110070047841,2021,"FL",0,0,"64083",88.2461644247712,10.7482057673299,0.605956422708324,2.34646955176415,0.146117151575057,2.82779663930551,50837,23269
110011107104,2021,"FL",0,0,"63301",91.456579935674,6.09749051480076,1.67170618030545,2.27452188818058,0.179111376461298,2.68474471814032,42496,51923
110070818989,2021,"FL",0,0,"40914",100,0,0,0,0,0,38383,388
110070387073,2021,"FL",0,0,"64035",99.5433789954338,0.365296803652968,0.91324200913242,0,0.547945205479452,0,34412,1095
110024819491,2021,"CA",0,0,"32950",94.2786069651741,9.00045228403437,2.93984622342831,0.859339665309815,2.44233378561737,2.17096336499322,45981,4422
110055689893,2021,"KY",0,0,"92567",67.1993607670795,2.21733919296844,0.609268877347183,0.309628445864962,0.069916100679185,35.0878945265681,41406,10012
110041539500,2021,"CA",0,0,"32586",90.407615328289,9.59238467171101,0,0,0,2.56285086648767,60653,4097
110059701853,2021,"ca",0,0,"33965",83.2229580573951,16.6298749080206,0,2.5018395879323,0.367917586460633,3.82634289919058,38383,1359
110005658467,2021,"CA",0,7014,"33619",54.1595250515438,39.8042576446332,1.20724346076459,2.70015152644261,0.0844573614526666,9.88896341009017,30877,40257
110070162355,2021,"FL",0,0,"41051",97.4200897942773,1.34691415935134,0.36855860081753,1.57139985257656,0.0703611874288012,0.234537291429337,45830,29846
110070792453,2021,"FL",0,0,"42261",98.2796486090776,0.823572474377745,0.924231332357247,0.585651537335286,0.0640556368960468,1.37262079062958,31256,10928
110070599390,2021,"CA",0,0,"32789",88.5551286529282,5.97275585050646,0.908138316451275,5.37897310513447,0.0116427989288625,2.18496526564986,58910,25767
110070817180,2021,"CA",0,0,"32583",86.778392752234,9.01332673695928,2.6406109891469,2.82922605980025,1.2368201354318,3.05185368417798,35179,32341
110070793999,2021,"CA",0,0,"33428",86.2346784189506,7.89606573933802,0.401689390809347,6.19749345820135,0.100996189689207,7.14318505256393,NA,43566
110070740518,2021,"FL",0,0,"64118",83.7751151229123,11.7597195812046,2.3299502852299,3.76640931063713,0.547549772045179,3.42963183578089,37827,43649
110070686684,2021,"CA",0,0,"33850",70.910780669145,22.4442379182156,0.0813197026022305,8.94516728624535,0,1.98652416356877,27661,8608
110009938871,2021,"FL",17,3,"42041",79.8786181139122,20.8916900093371,2.35760971055089,0.11671335200747,0,2.40429505135388,28765,4284
110064029769,2021,"FL",0,0,"64468",93.9343098664258,4.23953023165774,0.645286184422792,2.15525585597212,0.238755888236433,0.677550493643931,37917,15497
110070839514,2021,"FL",0,0,"65072",97.7233921457029,0.113830392714855,3.24416619237336,0,0,0.0569151963574274,37168,1757
110070626259,2021,"CA",0,0,"32308",73.7494284407865,25.2491998171011,0.283493369913123,3.5893918609968,0.379515317786923,1.67809785093736,45736,21870
110070826531,2021,"FL",0,0,"63334",87.4711506758984,12.0892405758875,0.912188152544236,0.846246840312122,0.164853280580284,0,32143,9099
110070597865,2021,"CA",0,0,"34982",79.5920719059691,13.9893984789122,0.249673503879542,2.05116386264116,0.70676807252055,5.71560267342706,30375,26034
110069208832,2021,"FL",1,1,"42164",98.9591433869713,3.0627504935096,0.143566429383263,0.125620625710355,0.0717832146916313,0.496500568283783,32827,16717
110070553997,2021,"Fl",0,0,"82604",96.8949771689498,2.30769230769231,1.28907622058307,1.16613979627678,0.263435194942044,1.3277133825079,41413,28470
110009072270,2021,"AK",0,0,"32091",79.3690935711434,20.4245973645681,0.472514308531878,0.705443897244776,0,0.838546519366432,34280,15026
110070387834,2021,"CA",0,0,"32259",89.9253796550338,6.51311535571361,0.994355416528319,4.92983590514304,0.23941422155427,2.26132848679727,63438,57223
110070628046,2021,"CA",0,0,"34110",95.9575931695869,3.22502326710638,0.182090397766358,1.38388702302432,0,1.44458382227977,49078,24713
110070116758,2021,"CA",0,0,"40208",69.9078341013825,25.7801184990125,1.13232389730086,7.01119157340356,1.17182356813693,1.43515470704411,26995,15190
110070710826,2021,"ca",0,0,"33594",75.7993730407523,18.4489573395121,0.866839307618918,5.74349189041843,0.26713915769388,5.00204443232929,41163,36685
110070134981,2021,"FL",0,0,"64856",96.2506695232994,1.7139796464917,3.16014997321907,1.58007498660953,1.12479914301018,4.55275843599357,30152,3734
110070047545,2021,"CA",0,0,"40165",97.3535525824849,1.27125419753744,0.81818666382389,1.00474388358829,0.0612973722083045,1.00740898672779,NA,37522
110070741993,2021,"CA",0,0,"34484",96.0130913418625,7.11097887533472,0.624814043439453,1.2793811365665,0,0,28750,3361
110071222058,2021,"FL",0,0,"40484",93.9667128987517,5.14909847434119,0.147364771151179,0.312066574202497,0,2.80859916782247,NA,11536
110020049035,2021,"FL",0,0,"63071",100,0,0.990990990990991,0,0,0,24441,1110
110070868127,2021,"FL",0,0,"64784",99.615975422427,0,0.384024577572965,0.537634408602151,0,0,29300,1302
110070600124,2021,"CA",0,0,"32344",62.5278219395866,36.9634340222576,0.763116057233704,0.771065182829889,0.095389507154213,0.771065182829889,36415,12580
110070528686,2021,"FL",0,0,"64013",86.9616140244824,10.631706211274,1.05788121505214,2.42557050022669,0,3.79325978540124,47285,26468
110070603106,2021,"CA",0,0,"34450",96.6227198844139,1.87827343326711,1.56221780747697,1.97760520137258,0,3.12443561495395,33563,11074
110070838549,2021,"FL",0,0,"41097",98.0053005998047,2.10629097503138,0.920630492397824,2.55265727437578,0.125540521690612,3.26405356395592,34863,7169
110070743455,2021,"CA",0,0,"33597",92.1542699724518,5.96143250688705,1.78512396694215,0.110192837465565,0.0881542699724518,5.97245179063361,27275,9075
110039142950,2021,"CA",0,0,"32707",80.553010294831,11.4967929714871,1.46876515927343,4.49522988195979,0.557861262329542,8.43529348353366,36133,37106
110069999727,2021,"CA",0,0,"32260",89.9253796550338,6.51311535571361,0.994355416528319,4.92983590514304,0.23941422155427,2.26132848679727,63438,57223
110071144487,2021,"CA ",0,0,"34746",76.6762974852863,12.8196896736223,0.436597110754414,4.73622257891921,0.0727661851257357,10.2685928303906,29329,46725
110071064630,2021,"CA",0,0,"40312",100,1.20274914089347,1.94730813287514,0,0,0,29529,5238
110063617634,2021,"Ca",0,0,"33023",40.7806388744277,55.7059522379293,1.23610054329689,1.76070908921015,0.388450602699131,9.40958178153324,30585,74913
110071077220,2021,"FL",0,0,"40437",97.8767838496345,2.40167072746258,0.0522102332057083,0.678733031674208,0,1.49669335189697,28417,5746
110070829463,2021,"CA",0,0,"32210",52.6378148165938,43.5099348351666,1.10155787181581,4.52311190098788,0.15850905422931,3.51762012264438,32984,62457
110070940785,2021,"FL",0,0,"42234",73.0964467005076,26.7473643108161,0.50761421319797,0,0.0390472471690746,2.42092932448262,31250,2561
110071065776,2021,"AK",0,0,"32097",88.5103714927635,11.6934009091384,1.6981033491823,1.38460734625634,0.041799467056795,1.00841214274518,43081,19139
110070669721,2021,"California",0,0,"32725",74.7299305248785,11.7485241556564,0.584313882976587,2.57017790450183,0.0863419139793583,15.2604313079796,35767,49802
110040687575,2021,"FL",0,0,"59644",98.0387632671897,0.115366866635902,1.75357637286571,0.299953853253346,0.299953853253346,0.599907706506691,32826,4334
110070710643,2021,"CA",0,0,"34654",93.5549201810817,4.58263839250258,0.655229926137717,1.3263442141212,0.190612342149154,2.06496703994917,35904,25182
110070947518,2021,"MT",0,0,"99629",89.330129803406,2.64744548710277,11.6324402738111,4.07543406319416,0.906659413391359,1.15145745500703,47355,66177
110070893683,2021,"FL",0,0,"59044",97.0325203252033,2.95121951219512,1.47967479674797,0.878048780487805,0.439024390243902,0.544715447154472,36557,12300
110070667986,2021,"CA",0,0,"32963",97.419229019047,1.30663719690568,0.357537541441851,1.25463173633231,0.0650068257167002,0.643567574595333,63636,15383
110070877029,2021,"FL",0,0,"42702",86.6157990993294,10.9457041159466,0.930168531592299,3.5908831684726,0.3598749287133,1.3628050579143,42002,50851
110070792358,2021,"WY",0,0,"99780",58.6549707602339,0.116959064327485,41.9883040935673,0.526315789473684,0,0,39112,1710
110071074774,2021,"FL",0,0,"41164",98.9043597352203,0.0228258388495777,1.68150346191889,0,0,0.30434451799437,31090,13143
110041017841,2021,"ca",0,0,"32925",74.9086479902558,13.8855054811206,5.23751522533496,8.03897685749087,0.852618757612667,7.97807551766139,34879,1642
110070793667,2021,"FL",0,0,"64062",99.6557659208262,0.907526208731028,0.500704115161946,0.391175089970271,0.18776404318573,1.65858238147395,42614,6391
110070945877,2021,"CA",0,0,"32256",63.477643422509,20.0613996616753,1.13401415951381,16.0182110561159,0.856253785268258,6.043898669674,43613,47883
110070928845,2021,"FL",0,0,"41101",94.0427301554296,4.02869470291625,0.914903571242917,2.67193429328897,0,2.55757134688361,31130,19237
110070930748,2021,"FL",0,0,"65251",91.2829462567683,7.64755895645948,1.42748467355797,0.903924464133888,0.156620575468743,1.25296460374994,33495,22347
110057288689,2021,"FL",0,0,"64843",86.7959617428268,0.717321997874601,6.61530286928799,2.57704569606801,1.40807651434644,4.27736450584485,31489,3764
110071068145,2021,"WY",0,0,"99726",66.6666666666667,0,38.8888888888889,0,0,0,NA,18
110070826449,2021,"FL",0,0,"42420",89.8215362037789,10.4326633297518,0.518881522052465,0.804528420556094,0.0445504337115753,2.61537252024424,35913,38159
110070928148,2021,"FL",0,0,"41179",99.5238743028159,0.952251394368113,0.625765202013332,0.666575976057679,0,0.0952251394368113,29414,7351
110070927126,2021,"CA",0,0,"33310",15.6885278383198,83.1134007000859,0.64592827422231,0.754243444950796,0.232481342051384,2.64051251568589,27277,75705
110070867334,2021,"CA",0,0,"32720",82.6579065253098,13.1013886814992,0.409138420188144,1.8903986859788,0.149320591309542,4.54531879946245,36942,33485
110030768097,2021,"FL",0,0,"65739",98.3160621761658,0,0,1.6839378238342,0,0,38239,772
110070882245,2021,"CA",0,0,"32828",78.4718149700342,12.843105001931,0.450559981691531,10.5559767139159,0,4.61859739962525,46450,69913
110070742149,2021,"FL",0,0,"41653",96.7482014388489,2.98321342925659,0.748201438848921,0.258992805755396,0,0.393285371702638,33023,10425
110011092227,2021,"FL",0,0,"64030",57.1118872696616,40.5235055602393,2.64161548034847,2.16387651049821,0.0642338110723032,5.37155245092135,34749,24909
110070792205,2021,"FL",0,0,"64748",90.2146464646465,0,10.4166666666667,0.883838383838384,0.441919191919192,5.11363636363636,34423,1584
110002531038,2021,"Ca",1,0,"32901",75.978319366495,19.2934573691089,0.615053432766972,4.8473898669947,0.0615053432766972,3.05989082801568,31880,26014
110070818400,2021,"Fl",0,0,"40517",72.2602923068687,26.3558006317255,0.712029551903207,2.4064457412067,0.0401520424005568,3.06226243374913,33661,37358
110070919569,2021,"FL",0,0,"59072",95.4812897152271,0.164744645799012,4.75405977877148,0.988467874794069,0,0.682513532595905,31571,4249
110000494849,2021,"FL",0,0,"65804",95.561378434175,2.7526335291938,0.873431792917262,2.31062410671748,0.0211741040707215,0.465830289555873,41147,37782
110070825482,2021,"FL",0,0,"42431",88.2850009602458,11.9416170539658,0.649126176301133,1.32513923564432,0.00384098329172268,0.964086806222393,35783,26035
110070266821,2021,"CA",0,0,"40218",54.6170157144102,39.0478403578587,0.461846806285764,5.8006796990734,0.151044238533709,5.87329712144538,33165,34427
110070548697,2021,"FL",0,0,"64147",45.5723542116631,64.3628509719222,6.0475161987041,0,0,0.863930885529158,10938,463
110070893360,2021,"FL",0,0,"41071",89.3348846228427,9.63253829745976,0.620515803761877,0.998642621679271,0.0775644754702346,1.2652705061082,38758,20628
110070241568,2021,"FL",0,0,"82716",94.3284263380121,2.17961885199133,4.15953440602533,0.667579596028757,0.165468446878923,2.07691429875613,43090,17526
110070696608,2021,"California",0,0,"33606",89.2744045160402,6.53540777456515,0.298315663867089,5.99385010785259,0.188168341823856,2.38652531093671,61675,21789
110045218171,2021,"CA",0,0,"40342",96.3785934635847,3.92095497831627,0.46497071578665,0.26378146376358,0.0491795949389726,1.0372423659856,37190,22367
110071146626,2021,"Ca",0,0,"32536",81.2609243526686,16.5440429250843,1.31701963334824,3.76407463111256,1.1666192431202,3.26409495548961,41430,24601
110070518046,2021,"FL",0,0,"82601",96.1011394950473,1.8284054517018,3.09451105980487,1.35547776867506,0.305354881954271,1.56773665003351,41285,26854
110070566743,2021,"FL",0,0,"40511",61.6608976065797,31.0523357297121,1.55912546966066,2.19224283305228,0.0147924617614863,9.30445844797491,39522,33801
110070928884,2021,"FL",0,0,"65705",99.8541565386485,0.315994166261546,2.06611570247934,0,0,1.45843461351483,31507,4114
110071075048,2021,"FL",0,0,"42715",100,0,0,0,0,0,16316,172
110070866226,2021,"FL",0,0,"63119",90.2168760369756,8.83799478549419,0.317018250770325,2.55688551789524,0.139251007347713,4.07975823654894,61928,33752
110070598770,2021,"CA",0,0,"32352",23.5157545605307,76.4179104477612,0,0.066334991708126,0,0,30549,6030
110070145285,2021,"FL",1,0,"65714",95.5447898710099,2.66004874279261,2.20828627474291,1.74760744219224,0,0.546870356060156,40256,33646
110071156065,2021,"WY",0,0,"99703",73.636073593534,18.1218759970222,3.06285228118686,3.49888333510582,0.893331915346166,6.6255450388174,45102,9403
110070938004,2021,"CA",0,0,"32408",92.2673791296306,4.75260751168885,1.24852283820583,4.6138827518882,0.154138622000719,1.03272876740482,34281,19463
110070793376,2021,"California",0,0,"33525",89.0249299306682,7.9362737866942,0.816246250676108,0.998180655947288,0.442543147956926,4.05664552293849,35741,20337
110071066673,2021,"MT",0,0,"99683",97.4576271186441,0,16.1016949152542,0,0,0,27333,354
110020068807,2021,"CA",2,1,"34690",93.2260051024897,5.26964018650479,0.835752617225301,2.55124483152987,0.0263921879123779,3.88844901909035,29618,11367
110032809398,2021,"CA",0,0,"32317",80.1653457228751,15.2842306641159,0.642251981415687,7.59087182290243,0.232303908171632,1.61246242142662,49369,14636
110071067950,2021,"CA",0,0,"32254",37.1279104037725,61.9068670792809,1.15679339817271,0.368405540819334,0.0589448865310934,5.6439728853522,25732,13572
110039796897,2021,"FL",0,0,"64424",97.133679268594,1.75438596491228,0.938967136150235,0.593031875463306,0,0.0741289844329133,24088,4047
110071074838,2021,"FL",0,0,"65605",98.9858012170385,0.843813387423935,2.47464503042596,0,0,0.511156186612576,30263,12325
110062642010,2021,"ca",0,0,"34987",75.573224852071,22.0691568047337,0,1.71967455621302,0.166420118343195,2.57026627218935,47443,10816
110070250599,2021,"WY",0,0,"99921",84.2805939580133,1.22887864823349,26.2672811059908,2.40655401945725,0.614439324116744,2.25294418842806,40489,1953
110070072418,2021,"WY",0,0,"99789",27.2897196261682,0.373831775700935,75.7009345794392,0,0,0,44375,535
110070891213,2021,"FL",0,0,"63935",97.2282932644546,1.43055831512021,1.14245976554739,0.764951321279555,0,0.62586926286509,25015,10066
110070892459,2021,"California",0,0,"33540",95.1676528599606,3.60508437431514,0.657462195923734,1.20534735919351,0.230111768573307,2.30111768573307,32456,9126
110070819071,2021,"CA",0,0,"33936",81.9283556982834,9.54620178154987,0.0191153419734679,1.71273464082272,0.0764613678938716,12.9449095844325,24620,26157
110071238251,2021,"FL",0,0,"90069",86.5635138507612,4.78163214374844,0.933366608435238,10.5665086099326,0.079860244571999,2.96481157973546,65232,20035
110070833368,2021,"CA",0,0,"32217",82.3047763457165,11.6805660854182,0.434672731867576,2.30983067980794,0.555976750063179,7.16704574172353,NA,19785
110070832387,2021,"CA ",0,0,"34135",91.7217672631685,3.37680719846325,0.479223536548377,1.66616115660702,0.244666868870691,7.74441411384087,32480,49455
110070792855,2021,"CA",0,0,"40055",98.3279145378542,0,3.11193683232699,0.18578727357176,1.48629818857408,0.18578727357176,41767,2153
110070250863,2021,"FL",0,0,"65608",95.7038782944075,0.139275766016713,2.0034283265481,0.171416327405185,0,2.07842296978787,31140,9334
110038882938,2021,"FL",0,0,"59601",96.2443649930048,1.07259443494482,3.55044302813617,1.49541427016944,0.0870511425462459,1.59801025959894,39793,32165
110070817038,2021,"CA",0,0,"32976",99.8463058513558,0,0.29641014381381,0.153694148644198,0.175650455593369,0,NA,9109
110070740892,2021,"CA",0,0,"40144",100,1.07430617726052,0,0,0,0,42928,1117
110070838715,2021,"FL",0,0,"64014",86.9616140244824,10.631706211274,1.05788121505214,2.42557050022669,0,3.79325978540124,47285,26468
110070047869,2021,"FL",0,0,"64640",98.3233154065169,0.85416007592534,1.32869345143942,0.0949066751028156,0,1.55014236001265,34453,3161
110070883378,2021,"CA",0,0,"33903",93.7035726918995,4.02812168376371,0.291828793774319,1.64043155288291,0,5.39441103643438,29133,22616
110005656762,2021,"CA",0,0,"34950",33.5172251892717,62.597570279946,1.73132226069605,0.0352133341158519,0,3.65631785902929,26688,17039
110070675184,2021,"California",0,0,"33134",95.7483510908168,1.87721968543886,0.111618467782851,1.88483003551497,0,13.4195839675292,49250,39420
110070696649,2021,"FL",0,0,"65810",89.5947475662214,2.98845370160743,1.0369028752547,5.09848313334843,0.366764772470002,2.67149649083088,45383,22085
110070817220,2021,"FL",0,0,"41042",86.7622875936415,7.49862963639686,0.537182532431939,4.58066873743833,0.0493330897131372,3.76027772702357,41650,54730
110071177538,2021,"MT ",0,0,"99587",94.5679012345679,0,8.24691358024691,4.44444444444444,0,3.16049382716049,67599,2025
110071095185,2021,"MT",0,0,"99654",89.330129803406,2.64744548710277,11.6324402738111,4.07543406319416,0.906659413391359,1.15145745500703,47355,66177
110070604167,2021,"CA",0,0,"34471",88.0129896488736,10.0953927339152,1.00669778770043,2.72782626344632,0.0405926527298559,3.3529531154861,39723,24635
110071158609,2021,"MT",0,0,"99603",89.6891096394408,0.717439293598234,11.8009565857248,2.95253863134658,0.165562913907285,2.52943340691685,40000,10872
110070557773,2021,"Ca",0,0,"34946",40.8773045136682,53.1945327399873,5.22886204704387,0.953591862682772,0,5.11760966306421,NA,6292
110070387736,2021,"FL",0,0,"64082",88.0437194851309,10.4693741677763,2.29138925876609,3.29005770084332,0.0499334221038615,2.90168664003551,69125,18024
110070946765,2021,"CA",0,0,"33177",77.9571594386409,13.4887974394147,0.0896908304315712,2.40230734057895,0.147726073652,16.2780064014632,32043,56862
110070936886,2021,"CA",0,0,"34209",95.5445544554455,3.08694662569705,0.970183225219074,1.26038465915557,0.375554796858996,2.12245362467281,NA,35148
110070704933,2021,"FL",0,0,"42023",96.0741067490075,2.02911336568152,0.794000882223202,3.44067048963388,0,0,30906,2267
110070237045,2021,"FL ",0,0,"82943",84.9397590361446,0,0,46.9879518072289,0,0,38383,166
110070686634,2021,"CA",0,0,"32413",91.6638031750395,2.15105491031544,2.57714246443543,3.75231942821799,0,2.81080338121091,40997,14551
110070877148,2021,"FL",0,0,"42086",94.4583808437856,5.99771949828962,0.592930444697834,0,0.296465222348917,4.01368301026226,37000,4385
110012965201,2021,"MT",0,0,"99559",24.987555998009,2.4390243902439,73.9298158287705,3.01144848183176,1.20706819313091,1.36884021901444,45948,8036
110070919624,2021,"FL",0,0,"40759",100,0,0,1.60472972972973,0,0,25762,2368
110070392205,2021,"ca",0,0,"34614",97.5486381322957,3.98184176394293,0.53177691309987,2.95719844357977,0.12970168612192,6.16083009079118,NA,7710
110070946293,2021,"FL",0,0,"40356",93.5569165404868,5.20237745485774,0.564984519424168,1.67461411557323,0.01355962846618,1.35370290854031,40113,44249
110070916913,2021,"FL",0,0,"40982",100,0,0,0,0,0,31429,380
110000508503,2021,"California",1,0,"32347",87.3204419889503,6.83701657458564,0.732044198895028,1.98895027624309,0.593922651933702,3.93646408839779,33358,7240
110070088120,2021,"KY",0,0,"91350",75.5458289088602,5.66418896169485,1.10849239853928,14.3586024707985,1.26129859366502,12.8383103260729,56281,38611
110027970319,2021,"CA",0,0,"33330",77.6554868121133,10.0488440247476,0.879192445457506,9.27385216541843,0.657766199934875,6.81862585477043,NA,15355
110000516727,2021,"CA",0,0,"33605",42.2067428252995,55.7759821677348,1.29283923098356,1.79437169127891,0.172750069657286,8.24742268041237,26326,17945
110071065776,2021,"AK",0,0,"32097",88.5103714927635,11.6934009091384,1.6981033491823,1.38460734625634,0.041799467056795,1.00841214274518,43081,19139
110070204424,2021,"FL",0,0,"65647",92.2884684041414,0.142806140664049,2.46340592645484,6.92609782220635,0.357015351660121,4.67690110674759,36563,2801
110065570670,2021,"MO",0,0,"95823",33.9155389525247,25.2665693575122,2.33294574602311,25.1342124143391,5.46250711263947,19.9722916305881,31239,80842
110070094258,2021,"MO",0,0,"95330",52.0293824701195,7.39956839309429,5.39508632138114,29.8306772908367,1.24916998671979,15.4506972111554,44398,24096
110070825482,2021,"FL",0,0,"42431",88.2850009602458,11.9416170539658,0.649126176301133,1.32513923564432,0.00384098329172268,0.964086806222393,35783,26035
110070095876,2021,"MO",0,0,"95829",46.6429999310678,10.0193010270904,2.0162680085476,42.6966292134831,2.4470945061005,7.10346729165231,NA,29014
110070094163,2021,"ky",0,0,"90803",83.3907136875407,4.22443472597004,1.85167953847585,10.3501752427034,1.47638100555194,5.09599578176856,67562,32241
